"id","name","profileImages__url"
"0x000000000000000000000000000000000000dead","null",""
"0x0000000bf90389c94230b5122269f6ff2f3e5b95","null",""
"0x0000002a62b213fcbe7c46835536f10bc69dce3c","b00ste9","ipfs://QmNnXV3GGrXWmNoLcYrkpijkspNbSmKbygPrrdLDQRnxKf"
"0x0000d4659e5b1da00c48b9d15cf2aaba5a0f7ece","luksocat","ipfs://QmP5im1WYjzrUras6nW49QX3xoR4BVgQ9PjLSAYpSihCAD"
"0x0001d53593ba909b3287b63d515b61d9bee776c9","",""
"0x000491fb71126921aa041c846fd78df38d50f7b2","kate","ipfs://QmQK5oRApcNNrjFxnYqcFfGDYzsQadvW6JbZJvKg6M9Dct"
"0x00067602af865973ace9f5e18a3611d604d9c58b","dirge","ipfs://QmPer1Zft6APPEFaVcqGgdVdvuZHTXWYUqn8jJgKmGcrov"
"0x00086fcbce8666a9c66dbe8b913fff19547eeb66","alban",""
"0x0008aa19fb8f73e5abd1b8314c63df02fe3fe786","dr0x",""
"0x0008bed3cff0a8d1dbdae36b2a54babc3e835ba6","bbb",""
"0x000a4cad6181698a7e504cd41fa171889d7cf8f8","trader",""
"0x000b521c363e05a1ddcb030f8b6cb1c5d278a102","001",""
"0x000b66d64de039ea621834f4ea7197cc528fcc6b","eth9k","ipfs://QmRTYdZeU6fm7x9brfwHJnmL6cvjLgZvYUtbedFX29tNfs"
"0x000c3272b41f71a38624190a420e57618d4776fe","soon","ipfs://QmTVKVmn7Ap5Qi2Upzs2XY3kZ6UYro1Cy8S2oTHGojmCqw"
"0x000c72897b36156546f2c32134ba66f689379876","doc","ipfs://QmeA3VFjfWrY7mKyg88f3NHK4MsUaYctMkC2gHnuFCBLgZ"
"0x000f85721cbac4f00694eac29c3f6586e0cc7ce6","null",""
"0x0010bd0c701a0f9a5db772a3a39d27e337206d5b","baymax","ipfs://QmUDKDwB7mwpAMgSMQphp6HaobmZxBKwQUgVcP1uhdR9dr"
"0x0010f4a93509a6b4845c0a694e4a4ec2498be030","blue",""
"0x0012d0e6b9686c62892f672f70614b7b933cff25","risk",""
"0x001384d63ca8e818dd3b0194cc7a9de1dead615d","0xdee","ipfs://QmTXL3Uft6S1JLE7b49xwkqBnnC9hNGejXGJPK5uXkt8BN"
"0x00188f1eeb064ce85bbea3e80fb7c44851867001","Nelox","https://hiozjdbnltsamlbfrfjj.supabase.co/storage/v1/object/public/common/profile-avatars/avatar-20.jpg"
"0x001c94f55f2879ad031f9ee062d52f4049b9f3ff","louis-gazelle","ipfs://QmQsbfjuSTzbkEyjoHHAe8HqWpzECtuA2cA3taqLNg5WCt"
"0x001ce1dfceb1ee5a130454a03801a9244383a0f0","tipperchip",""
"0x0022657d0cb976b2c1c986f3d38ccbc26edcce92","zed",""
"0x0027a9a967e0c2e2697b0483fd54a430a9988328","kemal",""
"0x002bde2f88d93298a4dde8ec1a052ffcd1525c93","lotar",""
"0x002c119d0396eb1d31a7e7f1156eb0a378f393c9","tokyo127","https://hiozjdbnltsamlbfrfjj.supabase.co/storage/v1/object/public/common/profile-avatars/avatar-21.jpg"
"0x00311eea40ef2687dc1049e5b6261481126fb9f3","Universal Page","ipfs://bafkreibp2agat3cclnenhkmsdi5hszjymzff3hag5xw2qerh7j7k2yroau"
"0x0031c1f4e0747804e2224829d9ec8dba9e4ed462","Rayhan",""
"0x0031e109eb3a2592cf27ddf8bad62bf34a5049cc","ciccio",""
"0x0034728610a94a3f84cde37d5c4648f63ed63865","Imitatolleur","https://hiozjdbnltsamlbfrfjj.supabase.co/storage/v1/object/public/common/profile-avatars/avatar-4.jpg"
"0x00355bc4d76746fcb7d36ffdc4dae806038f4a0e","daydreamer","ipfs://QmWN4961fRoCK5mDbRYw8WTvNrHppRDW73vPJmRWCZPAAt"
"0x003628b9698be0e209b15fffcb3060bbc43a5307","babatunde","ipfs://QmYywz1mEor687kMmXmHGGWWwqkBi2uPCVT6ypS4LWqtY8"
"0x003697bbd920c6a715d06cc81696cf9f270204e1","mrhose35",""
"0x0036cb44d3790769cac626b69a6de35928313b35","",""
"0x003b5676679e30b0d18f8418541ae138470344c5","null",""
"0x003ebd479934dfd9475ad55216b8c2a98d1de1f9","raf",""
"0x0043c2daa76371fe1c55fa24b47eb8b0ece05fcb","axywelet","ipfs://bafkreigi4i2oy42fkom6kyim64rrcmfoelx75dwpmwzeofzenucvxepdte"
"0x004516e09ace553c66f825b222c36559646f93ec","art",""
"0x004b6a3fb6562131533add6de0da078527304194","garry","ipfs://QmdK6oM4efXqqc96CmkpVqCxD9qWLiJztJuCkt9TnEhVDe"
"0x004fd3271afcbf7af85b22078f4c04d991ff5397","",""
"0x0050ab2f9f98e9b73b574a3435ac360333703bb3","divallain","ipfs://QmPS8wycx3AuJYB8zJJkXv2kHx7LytWTFw8pbqdLTdFLHT"
"0x005294999421a71a56e624a92881f2b73406a5f5","",""
"0x00533ed6421c4fdf4c75af5d1c0a4d7780395da2","ataylsx",""
"0x0058b2a14a4c56ebd8c8ef9124979f769bce645b","xxx","ipfs://Qmf53kKsMnXtXgUGhRGRkfBaj1KFxxzbacifLqh4WfDicW"
"0x0058f89c81331c5cbd830a0f9ccc7e7f44aeb2e3","ozzyelchavo",""
"0x005a54b53f15a9548880d077271468ee40849b62","lzrbrd","ipfs://QmYkTmkDqSUNBHJN5AbyJXVEzQQyadoHyPzzLe7AMRGPx2"
"0x005b9b382d1612b287457689420855ecfaa990ff","alia","ipfs://QmZeocyrSgaEVi6qXeoTDa5mGBda3Q4Wq1qd4QTJJkSLS1"
"0x0060d7b80ec64fa453c4de46848b5156a1278ff7","gauravpant",""
"0x0062c4f2d839a225048b707ea48ea02d521baf0a","tomday",""
"0x00649ea5825320dfb9e9f0f7a82b4d14ed6e97c9","sky",""
"0x00677fa03284cbfdee5c5741866b4c6258901b69","450-495nm","ipfs://QmfLRKXMAii46r2t6bTccvvX2QX9BoPKgmmzcNoggrNb32"
"0x0067913da31201d52336caf4bbec1fc2453e7446","ryan","ipfs://QmarMPh88ChpL7xgdNZwhgWHBpetVUj4U6tN4RK2taFDM7"
"0x006bb8021508470a88dbec5f37ec4fb197ad47b3","derblocktalk","ipfs://QmSzQVAxp9tr7dabUN7u8b2GiC4Nxpn4obfRkW3g8nGMKx"
"0x006dde2720419c2ab4dbfeb4024613ad397eae5c","null",""
"0x006f6ebd01978375a4510f9b993d01edfd81f84a","8design","ipfs://QmWp7F69nt43n9hETw9Kr69za4nr5U74yUyZjGAoNA5pqg"
"0x006f954d3d53a1b2593e24fb4846bf5fbdcc5a0b","Berdy.L","ipfs://bafkreihnlgvmvcyzp3eerpdqqjvsrha443crgtst7m6lvbzy6cect2de6e"
"0x007031fc468986b635033a96ad6731fd41fa5cea","call-miracle",""
"0x00710126adcc4e514251941099e03860dc9c51c9","0xApollo","ipfs://QmZ3yN5gS31zZnaEfbJcqut3kmwMTocztmRMVRFunFeeik"
"0x0071bb30cce9e123b60ccef9d065160e911e22f3","shiryu","ipfs://QmVcTDzEtsFFtktJ1BwVaHkiSBn78noBWaD3LVC1WWshrH"
"0x0074ad0d762714fd6327d926c805d3ddb911e4ce","metakaiki","ipfs://QmdSK8UguYRGNtzCWn9gBgwTnxqFGCsQmAnvgc64n32SJQ"
"0x0075a8309d83fe7f1a575853460a550518480fc3","doanft",""
"0x007600c5f6ab63697d27ff97c1c53567f898f0ef","von","ipfs://QmX7wX4NexuaGF92aEctvFQkQWLrmNKkY7fdKKqsEsV54R"
"0x0077fd7cd43108bb6491b83907c3c4db6a5eca45","healinglens","ipfs://QmPXX6mvBbYPitbXCGwYBpCgpM15NQyTLkDcxdKuCAr8CF"
"0x00785ab0fd7fd958e149f81fb334027b4cd7c96a","max","ipfs://QmUMg3MW9BqrRf6DEtA5sx2HCP5FWJNe9ShBzukGtvhb9D"
"0x007ae307b2ccc0e25ac4a8184ad1fd4e2ae0e27f","amor","https://hiozjdbnltsamlbfrfjj.supabase.co/storage/v1/object/public/common/profile-avatars/avatar-4.jpg"
"0x007b5290c8bd1e49dbdd17307e9b1321e84aeaf9","Taskin","https://hiozjdbnltsamlbfrfjj.supabase.co/storage/v1/object/public/common/profile-avatars/avatar-2.jpg"
"0x007e1cf027aaa726cf229f874a2d8905f9850aa9","hodlceo","https://hiozjdbnltsamlbfrfjj.supabase.co/storage/v1/object/public/common/profile-avatars/avatar-11.jpg"
"0x007f490b26856a3f5154bba2acaa240bb5599646","getnlute","ipfs://QmUTztRJFspnUKGUohDTRVSVeTJ2xKfkS87jhYEFjzTMnz"
"0x00838a4a4285f366a671cd1bb6f0007cf2f506f9","nrvy","ipfs://bafybeicjqnzohz5zbwbt4n5aggaj4vwvcgpu5bvzzn2xoj7gk3hdrasyhe"
"0x008482b133d05b440fa08526458258fbf313929d","dezzielimkopi",""
"0x0087007b8762909c2d0f8be09f886e44940ac678","Luksoman","ipfs://bafkreiewykwpiz2e3r7dit7dqpk32qk2ozs2g5qfgpvobwjopxg6ezncci"
"0x008e14c1acc8c050f23233118d61e8f420b99595","yass",""
"0x00902f4505f88b4b26a391b9a3ae6ec3aef91175","lyxvault","https://hiozjdbnltsamlbfrfjj.supabase.co/storage/v1/object/public/common/profile-avatars/robots/robot-28.png"
"0x0091e05e8575e3a8154ac95752b0593d7ed63ea2","null",""
"0x00926daea33647cd6f3d5b8d81f6e4275bf23573","TripleA",""
"0x0093818ee9ad458473706afb75e05d1fda0b682b","flaviatropia",""
"0x0095c79359d5b56c111fc830b94e9ae6388a1631","BOECH",""
"0x00979099356c8107fdb6431bb496031865840eb1","kad1rs","ipfs://QmaZnxZRTvMaQQoSXgykojak9m8iCpp7i5yL6KGiFiwtrq"
"0x009b3f16a4a7950cfc8e147bd485a1a4c09666e3","samuel-v","ipfs://QmYDzijg44RtXBJPE9h854j19SXbUVwEdunLz4u3qXwrxz"
"0x009e72e1f8daa3600a794cd7ee0c455f6f530b09","Alexandre D'Heur","https://hiozjdbnltsamlbfrfjj.supabase.co/storage/v1/object/public/common/profile-avatars/humans/avatar-1.png"
"0x00a03c1488c46e7b61378d9a4f49795b25e19ec6","vault","ipfs://QmXaeA3W23VimfuUD9GGJ7pybHWYvA4h66yC4pCE4DofZh"
"0x00a0d7f67dae0da2fde41a0985a4af4a9c3497c5","fredrikpettersen",""
"0x00a4d52531802295db47d5bde2bbae6d49333fe5","rokkopop",""
"0x00a580090170be854eb21c43024c06e90485c845","adrien","ipfs://QmXtp9XJ3jAH46Va2vW42edu9Eh9X38kjqhFHibZ7EiJZ6"
"0x00a5ea31c773fc9771ac6969a5e33378f7d7dba2","null",""
"0x00a880f87b9dce54ab67ab17a92c460ee472528c","",""
"0x00aa9761286f21437c90ad2f895ef0dca3484306","b00ste","ipfs://bafybeigsarmeo2bijkxcy2ea57h5vq5u7qszrrog2aqh6fb2vogklotjz4"
"0x00ac73781a459145d8217474d736437093249b9e","karl",""
"0x00ac9d2c4a16161bb16ad2aa5f7b29a7040d3182","",""
"0x00ae2c05a64f5f47142960abb79d5289242a6185","helloworld",""
"0x00b1b8a332ac7e0ac0c01121c82f24ccfffdfab9","null",""
"0x00b341f2d8c40161f9a4592cf76075ac07dc2214","innerearth",""
"0x00b3499710ea533b7d151c381fc844c5c3fb3d0b","","ipfs://QmQvkWpkhLfBxhX8cfEsjfJUbg6dhzxY673L5NBgwFTfEo"
"0x00b3feb6d6c725e09038110950195ae486524a9b","essentialsx",""
"0x00b8bb4cd69a62545d02269fb6f07a8c3b27c837","alebocacrypto","ipfs://QmaRW39RAi8DjzrHonimmtoVKeLdTGAPdJ3GM59ZEggCwi"
"0x00bdbb2261d16f97e080035bf61e71786397e526","levita-bev","ipfs://QmRTGS7fVEmvZAZLnUf83XC9QCU8yHY2XxiQMBHjULvN3U"
"0x00c3c826f515d76e28993e544262f6759f48caae","shothers",""
"0x00c6947ba256198d0b1c9ce52e24eb69761365c5","alexouroudoudou","ipfs://QmSu69rxV4gQTF2aVGLvJE7HZGc6sbyQLZSVSxPfsffedz"
"0x00c7fe79664dabf70b9c6fe59d217cad0346ae7e","","ipfs://QmRpAZMU2z3AU2Txge8aGYb3L4K339epkhDMiu5jdttiya"
